Data Analyst,Bangalore/Bengaluru,Entrupy,1-3 Yrs
Data Analyst,"Hybrid - Bangalore/Bengaluru, Hyderabad/Secunderabad, Pune, Delhi / NCR, Mumbai (All Areas)",EY,5-10 Yrs
Data Analyst,Bangalore/Bengaluru,What Digital Technologies,5-10 Yrs
Data Analyst,Bangalore/Bengaluru,Excellence And Eminence Llp,2-5 Yrs
Data Analyst,Bangalore/Bengaluru,Quess It Staffing,2-5 Yrs
Data Analyst - EdTech,Bangalore/Bengaluru,Talentstack Consulting,2-6 Yrs
Data Analyst,Bangalore/Bengaluru,Staffice Global,14-18 Yrs
Data Analyst,Bangalore/Bengaluru,Qualitest,5-8 Yrs
Data Analyst - MySQL,Bangalore/Bengaluru,Talentstack Consulting,2-7 Yrs
Data Analyst,Bangalore/Bengaluru,Workopia Info Solutions,2-5 Yrs
